"","Forward_1","Forward_2","Forward_3","Forward_4"
"Forward_1",1.78875755194027e-05,2.20224683510282e-05,1.98415248971481e-05,1.86799868424081e-06
"Forward_2",2.20224683510282e-05,3.46428802588954e-05,3.17358528489416e-05,4.09356974678029e-08
"Forward_3",1.98415248971481e-05,3.17358528489416e-05,2.944402292948e-05,-3.17709892608341e-07
"Forward_4",1.86799868424081e-06,4.09356974678029e-08,-3.17709892608341e-07,1.15149136215687e-06
